threshold,asr,fpr,ddr,mitigation_rate,avg_detection_turn,avg_latency_ms,detection_variance
0.9,0.0,0.06666666666666667,1.0,0.55625,3.3,154713.29121828484,0.0064
0.91,0.0,0.0,1.0,0.53125,3.433333333333333,156382.06579657114,0.0064
0.92,0.0,0.0,1.0,0.53125,3.433333333333333,156382.0341565708,0.0064
0.93,0.0,0.0,1.0,0.51875,3.5,156930.44245942845,0.0064
0.94,0.0,0.0,1.0,0.5125,3.533333333333333,157276.16837599926,0.0064
